ID,Nombre
112738,José González
102086,Francisco García
973314,Victoria Rodríguez
243076,Carlos García
623891,Alejandro Gómez
524441,Juan Rodríguez
905470,Lucía López
509397,Lucía Díaz
533784,Valentina Martínez
515584,Camila Gómez
236869,Manuel Fernández
959601,Valentina Sánchez
952815,Miguel Martínez
899715,Francisco Martínez
515580,Carlos Martínez
432833,Francisco Pérez
270856,Camila Gómez
778177,José Martínez
478761,Camila López
847252,Lucía Gómez
139608,Mariana Fernández
204313,Javier Fernández
241523,Mariana García
489552,Miguel Fernández
150809,Carlos González
814337,Sofía González
600070,Manuel Pérez
363767,Martina Díaz
382815,Diego López
429235,Camila Martínez
711597,Carlos Rodríguez
456229,Isabella Díaz
746119,Francisco Gómez
974180,Sofía Gómez
839212,Victoria González
525636,Emma Sánchez
258005,Francisco Pérez
209941,Carlos García
121304,Carlos García
562562,Lucía Martínez
154300,Alejandro González
367046,Camila Rodríguez
275959,Lucía Fernández
709781,Manuel Gómez
959367,Andrés Fernández
520298,Andrés Pérez
695709,Valentina González
214613,Camila Pérez
586899,Andrés Díaz
724501,Isabella Pérez
753059,Miguel López
209824,Alejandro García
870350,Isabella Fernández
891745,Laura González
941813,Francisco González
680755,Valentina López
714711,Javier Martínez
848272,Sofía Sánchez
759738,Martina Rodríguez
137043,Carlos Martínez
707221,Victoria Sánchez
600071,Javier López
363646,Isabella Martínez
416718,Valentina Gómez
120852,Isabella García
505725,Valentina Díaz
903607,Miguel González
674686,Francisco Rodríguez
672584,Mariana García
958411,Emma Gómez
902778,Miguel Pérez
292444,Javier Martínez
514133,Juan López
894084,Diego González
380713,Emma López
549798,Andrés Díaz
357414,Juan Pérez
719194,Miguel Fernández
154456,Andrés García
327216,Valentina Pérez
757776,Martina Gómez
192630,Laura Gómez
461522,Sofía Sánchez
703931,Lucía Pérez
684851,Andrés González
279611,Victoria González
661864,Mariana Sánchez
653765,Camila Fernández
345503,Mariana Martínez
307436,Javier Pérez
957005,Javier Fernández
992733,Juan Sánchez
155157,Alejandro Sánchez
237842,Alejandro López
682836,Juan Martínez
278264,Lucía Rodríguez
956034,José González
697973,Carlos Sánchez
101856,Isabella López
309517,Emma Pérez
288398,Diego Gómez
355301,José Rodríguez
283487,Francisco Fernández
697074,Javier Pérez
292711,Mariana López
477391,Diego Martínez
213032,Manuel Gómez
148846,Sofía González
204702,Sofía García
607731,Martina Rodríguez
249923,Andrés López
629587,Lucía Díaz
783153,Francisco Gómez
814497,Sofía Martínez
495029,Martina Díaz
656348,Carlos Pérez
705301,Manuel Rodríguez
131540,Miguel Martínez
621326,Diego González
851693,Miguel Gómez
663575,Andrés López
423341,Mariana Gómez
770533,Emma Pérez
221473,Emma Gómez
612993,Alejandro Pérez
583822,Javier Martínez
266440,Isabella Gómez
120039,Lucía García
160505,Alejandro González
635185,Alejandro Rodríguez
430229,Javier García
946833,Laura López
206642,Emma Sánchez
863877,Martina Gómez
228852,Manuel Díaz
552768,Victoria Fernández
957464,Alejandro García
812902,Andrés Sánchez
388772,Valentina Rodríguez
641320,Emma Sánchez
145165,Camila Sánchez
730983,Francisco García
993449,Mariana López
839038,Valentina González
776857,Javier García
266139,Sofía Gómez
485928,Manuel Díaz
937596,Isabella López
821316,Manuel González
722930,Miguel García
555263,Sofía González
482848,Valentina Díaz
469512,Manuel Martínez
343855,Valentina Díaz
203826,Miguel Sánchez
530822,Andrés González
263910,Lucía Fernández
323853,Juan Rodríguez
275260,Martina González
626519,Francisco García
444528,Lucía García
624174,Javier Rodríguez
851480,Miguel García
239603,Mariana Gómez
724923,Victoria Sánchez
135568,Manuel Pérez
600530,Sofía Pérez
132606,Mariana Pérez
149662,Diego Pérez
550328,Lucía Rodríguez
933724,Andrés López
661487,Juan Sánchez
456504,Carlos López
738187,Mariana García
610467,Victoria López
314847,Isabella Sánchez
137400,Sofía López
240418,Valentina García
340690,Manuel Fernández
208438,Alejandro Pérez
253312,Francisco González
783692,Laura Díaz
719483,Juan López
392768,Emma García
389453,Javier García
158840,Lucía Fernández
205797,Camila Sánchez
157852,Miguel García
635462,Victoria González
505668,Mariana Rodríguez
289640,Emma Sánchez
901283,Laura Gómez
108789,Juan Díaz
605470,Juan Fernández
573166,Manuel García
482814,Andrés Martínez
295755,Sofía González
841894,Diego Martínez
728009,José Rodríguez
651059,Juan García
103322,Javier Rodríguez
776156,Carlos García
530736,Manuel López
231928,Francisco González
558686,Victoria Martínez
840733,Miguel Pérez
563650,Carlos Rodríguez
681569,Sofía Pérez
634682,Martina López
706035,Camila González
265573,Javier González
870837,Martina García
969644,Diego García
451404,Laura Fernández
673884,Camila García
830397,Manuel Martínez
685783,Emma Sánchez
314420,José López
858212,Victoria García
584317,Carlos López
866532,Juan Gómez
475057,José Fernández
972545,Isabella López
355399,Alejandro Díaz
823230,Javier González
881098,Valentina Gómez
605478,Carlos González
234761,Sofía Fernández
422740,Manuel González
933714,Victoria Sánchez
506349,Emma Gómez
678535,Juan Sánchez
172127,Juan Martínez
976161,Valentina Sánchez
656391,Juan González
754018,Juan Martínez
380402,Mariana Díaz
504671,Manuel García
265524,Carlos Rodríguez
427812,Andrés González
919205,Victoria Gómez
638426,Isabella Sánchez
467986,Miguel Rodríguez
677565,Isabella Rodríguez
725805,Emma Fernández
186453,Isabella González
456278,Martina Rodríguez
959018,Emma Pérez
544201,Emma García
863400,Valentina González
826448,José López
394232,Francisco López
962927,Valentina Fernández
419605,Valentina Pérez
813293,Mariana González
276472,Manuel Gómez
262359,Martina Gómez
843656,Francisco González
132685,Francisco Díaz
923048,Sofía Martínez
957960,Carlos Pérez
566971,Valentina López
775476,Isabella Sánchez
427171,Victoria Martínez
869109,Andrés García
278158,Camila Rodríguez
852317,Miguel Sánchez
730239,Miguel Díaz
792976,Emma Díaz
612285,Martina Fernández
371623,Andrés Fernández
269692,Emma Díaz
934430,Camila Pérez
728752,Valentina Rodríguez
799802,Lucía González
466142,Lucía Sánchez
383056,Lucía Fernández
524707,Francisco Rodríguez
402231,José García
338694,Isabella Pérez
281927,Lucía Sánchez
197996,Laura Sánchez
267514,Camila Díaz
955186,Camila Rodríguez
729685,Mariana Pérez
302100,José Díaz
294938,Valentina Fernández
136832,Emma Sánchez
942803,Laura Gómez
711728,Juan Rodríguez
766764,Laura González
711224,Manuel Martínez
981172,Laura Pérez
456799,Valentina Martínez
637401,Victoria Fernández
602121,Mariana García
477304,Lucía Díaz
311566,Martina López
738489,Javier Gómez
808573,Sofía González
895200,Camila Sánchez
303177,Diego Pérez
608276,Carlos Pérez
673812,José Pérez
561465,José Gómez
961652,Victoria Pérez
993432,Martina Díaz
971863,Camila Martínez
801174,Andrés García
550006,Camila Sánchez
502120,Martina Rodríguez
661537,Miguel Pérez
342110,Diego Fernández
170143,Victoria Rodríguez
652394,Emma López
184439,Martina López
350476,Diego López
255272,Emma Rodríguez
264685,Camila Fernández
724098,Alejandro Martínez
855949,Diego Gómez
616278,Javier Rodríguez
218077,Carlos Sánchez
399369,Martina Gómez
238004,Juan González
761102,Sofía Sánchez
667864,Mariana Fernández
479933,Andrés Fernández
243225,Sofía Fernández
536838,Lucía Gómez
447580,Miguel López
836766,Martina López
866079,Carlos Díaz
600776,Mariana Díaz
812330,Andrés Gómez
636212,Alejandro Rodríguez
324053,Laura García
235407,Laura López
334636,Emma Gómez
898718,José Sánchez
264450,Camila Fernández
668664,Isabella Rodríguez
187409,Alejandro Fernández
275068,Mariana Fernández
829779,José Rodríguez
646567,Sofía González
985432,Laura Pérez
680978,Diego García
412173,Javier García
374538,Emma Díaz
286780,Camila García
820978,Francisco Sánchez
954316,Andrés Martínez
106202,Laura García
202265,Camila Sánchez
216146,Camila González
427011,Diego Sánchez
566693,Valentina González
312829,Emma Sánchez
770839,Valentina Fernández
743681,Javier Sánchez
340081,Carlos González
686031,Andrés García
398022,Emma López
434249,Mariana García
841413,Lucía Sánchez
786948,José Martínez
187168,Andrés Rodríguez
499307,Javier Gómez
491110,Sofía Rodríguez
490870,Miguel Díaz
252281,Victoria Díaz
263873,Javier González
497553,José Sánchez
617005,Sofía González
587242,Isabella Sánchez
349410,Javier López
977658,José Rodríguez
659992,Valentina Gómez
228054,Valentina Martínez
452667,José Martínez
226586,Juan López
214154,Francisco García
846097,Carlos Pérez
567673,Valentina Rodríguez
207924,Camila Pérez
449316,Alejandro González
105764,Diego López
747373,Sofía Sánchez
989899,Valentina Rodríguez
924093,Francisco Fernández
706748,Javier García
333940,Javier Díaz
758698,Carlos Díaz
217734,Alejandro Sánchez
817014,Andrés García
352707,Carlos López
471817,Javier García
314913,Andrés Pérez
988953,Sofía Pérez
606675,Isabella Díaz
301022,José López
490313,Valentina Martínez
149096,Alejandro López
413436,Camila Fernández
316908,Francisco Martínez
760523,Carlos Gómez
199466,Andrés Pérez
648712,Francisco Díaz
346249,Sofía Pérez
297252,Emma Pérez
357994,Alejandro Rodríguez
256749,Juan Pérez
802313,Isabella Díaz
685707,Camila García
985361,Victoria Díaz
865735,Victoria Pérez
265356,Emma Rodríguez
482922,Emma Sánchez
521512,Juan Fernández
353695,Victoria Fernández
421484,Victoria Fernández
359395,Lucía Fernández
229338,Mariana Sánchez
702123,Carlos Gómez
719298,Manuel García
576323,Mariana Martínez
750095,Emma González
821472,José Rodríguez
579986,Javier Gómez
673701,Andrés Pérez
837109,Isabella González
441350,Lucía González
273377,Juan Martínez
337947,Manuel Gómez
372677,Emma Fernández
325141,Emma Gómez
771506,Mariana Gómez
330977,Javier García
306572,Alejandro Gómez
483140,Laura López
356276,Juan López
514893,Mariana Fernández
193825,Juan Gómez
639264,Camila Pérez
819645,Valentina Pérez
867635,Miguel Díaz
615046,Diego Pérez
936316,Victoria Rodríguez
773864,Emma López
754477,Francisco Pérez
340367,Sofía Díaz
457121,Laura García
400085,Diego Fernández
715964,Andrés González
901527,Miguel Fernández
914569,Javier López
446180,Carlos Fernández
538983,Sofía Pérez
756005,Camila Rodríguez
753603,Alejandro López
534516,Juan García
958904,Sofía Fernández
841908,Diego Pérez
393029,Javier Pérez
150419,Martina García
552563,Alejandro Díaz
805734,Valentina Rodríguez
911315,Juan Martínez
367503,Lucía Martínez
446574,Victoria García
654647,Valentina Pérez
563515,Emma García
807566,Francisco Fernández
677444,Camila Fernández
422808,Valentina Fernández
779014,Valentina Díaz
385930,Andrés Fernández
114285,Miguel Gómez
288102,Francisco Fernández
142652,Lucía Gómez
852029,Alejandro Gómez
161624,Camila López
793195,Victoria González
832855,Andrés Pérez
537075,Juan Rodríguez
192539,Sofía Gómez
449852,Laura Gómez
557979,Alejandro Gómez
265084,Emma Gómez
532812,Javier Fernández
363614,Camila Díaz
940089,Juan González
540431,Martina Díaz
529884,Javier Pérez
877640,Carlos Rodríguez
967364,Javier Gómez
130194,Camila Fernández
290076,Victoria González
128053,Martina González
600614,Sofía López
545273,Alejandro Díaz
924353,Juan Martínez
448913,José Rodríguez
772010,Victoria López
567783,Camila Fernández
833760,Juan Sánchez
849193,Valentina Rodríguez
609510,Sofía López
615692,Manuel Sánchez
824140,Francisco González
717100,Sofía García
834536,Isabella Fernández
694376,Miguel Díaz
473800,Francisco Gómez
386068,Diego Gómez
180707,Martina Pérez
529043,Francisco Sánchez
402818,Diego Rodríguez
193490,Victoria Gómez
748241,José Martínez
138611,Emma Gómez
467639,Francisco Fernández
395835,Valentina Martínez
257170,Juan Gómez
394612,Manuel Pérez
580962,Andrés González
930957,Andrés García
501609,Camila Rodríguez
749706,Martina Díaz
304799,Laura González
405142,Lucía Pérez
837475,Diego Sánchez
770089,Juan Díaz
409158,Isabella González
634738,Diego Pérez
577042,Francisco López
100794,Victoria Fernández
580163,Martina Fernández
892886,Francisco Pérez
341713,Francisco Fernández
636387,Isabella González
808486,Camila Rodríguez
480565,Javier Martínez
283861,Manuel López
477545,Camila Rodríguez
670197,Francisco González
653755,Lucía Martínez
740635,Miguel Fernández
390008,Mariana Díaz
139617,Juan Rodríguez
828743,Miguel González
839662,Isabella López
685798,Martina López
403837,Valentina García
634001,Laura Pérez
358560,Javier Díaz
420860,Carlos Fernández
708906,Martina González
650501,Carlos Gómez
922933,Victoria García
978473,Lucía Rodríguez
155736,Javier Fernández
908611,Emma Sánchez
452083,Laura Martínez
764374,Camila Pérez
240468,Lucía Sánchez
897273,Victoria Fernández
143482,Laura Pérez
237117,Isabella López
766362,Victoria Rodríguez
422174,Francisco Sánchez
113774,Javier Sánchez
859079,Camila González
639128,Alejandro Díaz
949652,José González
755369,Alejandro Fernández
431326,Martina López
559455,Manuel Martínez
428083,Mariana Gómez
438312,Carlos Díaz
757415,Carlos Pérez
302103,Sofía González
780245,Valentina Fernández
704082,Andrés Rodríguez
242999,Francisco Martínez
118702,Valentina González
512543,Javier González
415096,José Pérez
462963,Victoria Martínez
818700,Andrés García
284794,Valentina García
845410,Manuel Sánchez
962364,Miguel Pérez
161925,Alejandro Díaz
440078,Andrés Rodríguez
798159,Mariana Gómez
718819,José López
428648,José Pérez
903862,Manuel Pérez
568434,Lucía Rodríguez
809592,Francisco Díaz
454126,Diego Fernández
933193,Andrés López
506929,Javier Fernández
437389,Camila García
788242,Laura Rodríguez
399786,Manuel Sánchez
899147,Manuel García
993368,Camila Gómez
148374,Francisco Pérez
379070,Alejandro López
927812,Manuel López
832941,Lucía Rodríguez
691200,Sofía Martínez
368577,Carlos Pérez
524659,Valentina Martínez
768030,Laura López
754110,Francisco Rodríguez
498782,Diego Gómez
416391,Isabella Rodríguez
919658,Andrés Díaz
257007,Javier Rodríguez
152995,Carlos García
641116,Mariana Pérez
802255,Lucía Rodríguez
185183,Valentina García
190001,Victoria Díaz
648429,Valentina García
857018,Lucía Gómez
999038,José García
553266,Sofía López
963753,Mariana Pérez
908736,Lucía Sánchez
965654,Isabella García
977239,Mariana Díaz
947931,Laura González
439465,Carlos Díaz
203972,Isabella Martínez
991232,Emma González
920908,Camila Gómez
836182,Carlos Gómez
221168,Carlos Gómez
343474,Miguel González
560749,Francisco Fernández
967651,Laura Fernández
452696,Laura García
828584,Mariana Sánchez
856113,Sofía Martínez
815533,Martina González
804627,Isabella Rodríguez
563241,Martina Fernández
863273,Sofía García
771230,Juan Fernández
693715,José Rodríguez
452351,Juan Sánchez
196196,Miguel González
381242,Sofía Rodríguez
860240,Juan Martínez
659680,Emma Rodríguez
581641,Camila Sánchez
910549,Carlos García
669957,Martina López
411354,Alejandro González
575267,Lucía Rodríguez
203523,Camila Díaz
783646,Laura Martínez
599543,Andrés Díaz
763264,Alejandro Díaz
814219,Manuel Rodríguez
309953,Manuel Gómez
430862,Carlos López
753263,Emma Díaz
835887,Valentina Sánchez
423809,Diego González
327700,Carlos Rodríguez
540754,Lucía Pérez
666126,Camila Sánchez
712826,Camila González
834824,Alejandro Rodríguez
529485,Victoria Pérez
339340,Laura López
685373,Victoria Martínez
341132,Mariana Pérez
543569,Isabella Rodríguez
214918,Alejandro Pérez
594355,Sofía Díaz
367880,Miguel González
896502,Manuel Pérez
132400,Carlos Gómez
584543,Andrés López
454266,Isabella Rodríguez
585362,Andrés Rodríguez
616618,Lucía Martínez
366841,Andrés Fernández
222417,Martina Díaz
375674,José López
848896,Emma Rodríguez
711572,Sofía López
688376,Valentina López
830668,Diego Martínez
454759,Manuel García
800437,Isabella Díaz
720610,Sofía Rodríguez
982288,Andrés Díaz
425793,Carlos Fernández
557329,Andrés Pérez
374436,Javier Pérez
934461,Andrés Díaz
151845,Javier Gómez
598871,Victoria Fernández
595772,Valentina García
239151,Diego Pérez
261634,Francisco Díaz
373682,Andrés Martínez
552245,Mariana González
135359,Miguel López
641799,Martina Díaz
618056,Francisco García
709395,Javier Sánchez
261688,Valentina García
574545,Victoria Martínez
810941,Juan Díaz
897443,Miguel Sánchez
539279,Francisco Sánchez
641783,Javier González
394716,Valentina García
744650,Carlos Pérez
806307,Diego Gómez
791577,Manuel Martínez
112438,Martina Gómez
656962,Juan López
340134,Andrés Sánchez
659581,Carlos Pérez
569856,Diego Gómez
244678,Diego García
344729,Martina Sánchez
421857,Miguel Pérez
458771,Francisco López
785810,Juan Fernández
580999,Mariana López
837235,Martina Díaz
500458,Sofía Martínez
279453,Laura Pérez
981880,Isabella López
922181,Alejandro López
383842,Mariana Pérez
302199,Victoria Martínez
743689,Miguel Fernández
255630,Martina Díaz
601550,Valentina Pérez
342453,Diego Martínez
814446,Sofía Gómez
999823,Laura Díaz
875547,Francisco Díaz
890307,Valentina Fernández
194090,Lucía López
689955,Carlos González
686811,Juan Díaz
321942,Alejandro Pérez
790723,Diego González
383334,Mariana Martínez
478875,Mariana Sánchez
260590,Juan Fernández
313424,Manuel García
929484,Andrés González
937990,Javier López
129089,Andrés Gómez
449390,Juan González
649440,Diego Sánchez
732546,Victoria García
922847,Lucía Sánchez
217714,Valentina Fernández
999447,Carlos Rodríguez
768352,Lucía Martínez
657964,Mariana Sánchez
453190,Camila García
844599,José Fernández
270205,Mariana Pérez
640658,Manuel Fernández
816051,Diego Rodríguez
916424,Martina López
972563,Camila García
547260,Emma Rodríguez
922445,Mariana Sánchez
127042,Andrés Rodríguez
597797,Laura González
512836,Andrés Rodríguez
322089,Javier Díaz
309326,Martina Martínez
767924,Manuel Sánchez
808691,Andrés Martínez
157561,Alejandro García
113205,Sofía Gómez
117996,Javier Gómez
288929,Diego Rodríguez
806414,Juan Fernández
122054,Victoria López
638540,Francisco Fernández
426361,Carlos Rodríguez
329727,Camila Rodríguez
562559,Laura Sánchez
429169,Isabella Gómez
991371,Sofía Fernández
652726,Miguel Fernández
483228,Andrés Pérez
672932,Javier Martínez
998338,Juan López
328706,Sofía Pérez
482271,Alejandro González
380445,Sofía Martínez
908795,Manuel Pérez
965729,Manuel Rodríguez
503340,Manuel Fernández
151165,Valentina Rodríguez
508901,Carlos González
539263,Diego Díaz
560862,Francisco González
381818,Juan Gómez
839138,Victoria García
751830,Valentina Gómez
815218,Martina Martínez
224883,Valentina Martínez
368790,Juan González
477834,Lucía Gómez
824311,Carlos López
484165,Lucía Martínez
274274,Carlos González
863177,Manuel Gómez
662550,Javier Rodríguez
544205,Andrés García
568206,Carlos Díaz
784710,Lucía Sánchez
814089,Victoria González
722321,Francisco Díaz
306707,José García
537844,Victoria García
264613,Lucía Gómez
624067,Miguel Rodríguez
307937,Sofía Pérez
853125,Alejandro Gómez
604851,Valentina Gómez
386385,Isabella López
436847,Mariana González
800699,Miguel Sánchez
654689,Miguel López
309526,Sofía Pérez
883491,Sofía Pérez
513348,José Sánchez
658134,Valentina Sánchez
469108,Mariana González
275753,Francisco Fernández
237499,Juan Pérez
436406,Diego Gómez
221168,José Gómez
429726,Carlos Martínez
543955,Martina Pérez
661535,Francisco Rodríguez
241266,Juan Gómez
364933,Mariana Fernández
367015,Manuel González
957742,Juan Gómez
381709,Sofía Sánchez
670804,Lucía Martínez
183260,Emma González
466851,Manuel Gómez
100675,Laura Gómez
880701,Mariana Gómez
109927,Valentina Pérez
204121,Javier Sánchez
503291,Miguel Gómez
731091,Victoria López
175871,Manuel García
711222,Victoria Fernández
350814,Javier Martínez
146056,Valentina García
148160,José Sánchez
120002,Carlos Gómez
147905,Martina García
760375,Isabella Gómez
715013,Lucía González
168154,Alejandro Díaz
835627,Diego Pérez
580977,Carlos Fernández
172618,Camila Pérez
376138,Sofía Sánchez
167527,Andrés González
646809,Sofía Gómez
913351,Lucía Fernández
370325,Diego Fernández
788235,Martina González
163626,Alejandro Fernández
229360,Martina Rodríguez
702587,Mariana Sánchez
651307,Mariana Fernández
207737,Diego García
546023,Carlos Gómez
633352,Camila Gómez
504260,Carlos Gómez
980266,José González
827329,Emma García
477463,Sofía Díaz
413946,Laura Gómez
302284,Andrés Martínez
130099,Camila López
140354,Mariana Sánchez
619179,Miguel González
211686,Juan Rodríguez
475254,Victoria González
572084,Alejandro Pérez
769592,Francisco Martínez
606479,Laura Fernández
671561,Javier Gómez
109033,José Pérez
546620,Valentina Díaz
331043,Victoria Martínez
223134,José Rodríguez
585377,Valentina González
966666,Mariana Rodríguez
434972,Victoria Fernández
357841,Emma Rodríguez
983089,Emma Sánchez
286904,Laura Pérez
566733,Manuel García
537039,Lucía Martínez
673657,Miguel Fernández
271095,Valentina Rodríguez
651133,Laura Díaz
804364,Javier Gómez
420047,Diego López
855253,Camila López
619375,Valentina Pérez
707589,Sofía López
569630,Martina García
855518,Miguel García
957060,Laura Martínez
176564,Alejandro González
980284,Miguel García
949430,Lucía García
759866,Isabella Díaz
486869,Javier Fernández
985198,Alejandro González
402392,Alejandro Sánchez
419993,Valentina García
968369,Emma Pérez
926815,Carlos Pérez
187584,Valentina López
973657,Alejandro Rodríguez
294883,José Martínez
818440,Alejandro López
249909,Manuel Fernández
667230,Javier González
658399,Valentina López
465069,Victoria García
939293,Isabella López
397454,Sofía González
768565,Mariana López
574747,Valentina López
299617,Sofía Pérez
582511,Miguel González
145893,Carlos Sánchez
921147,José Rodríguez
987436,Manuel Martínez
708547,Carlos Díaz
891854,Javier Fernández
207553,Laura Gómez
331666,Isabella Martínez
178689,Diego García
244769,Juan Gómez
904755,Emma Sánchez
197225,Emma García
298543,Manuel Fernández
108883,José Pérez
174408,José Pérez
958318,Mariana Martínez
913811,Isabella González
919556,Isabella González
511154,Diego García
259870,Miguel Díaz
925853,Carlos Gómez
999441,Sofía Sánchez
362086,Laura Martínez
469557,Carlos Díaz
606684,Juan Fernández
343568,Lucía Sánchez
322817,Miguel Rodríguez
930404,Alejandro Pérez
738920,Emma Rodríguez
142058,Diego Pérez
649123,Carlos Díaz
751700,Camila García
368844,Carlos Pérez
111669,Lucía Fernández
730701,Sofía García
679869,Lucía López
657312,Javier Pérez
348795,Carlos Gómez
961227,Carlos Sánchez
920947,Isabella Díaz
591740,Valentina López
